{
    "USDAED":3.673204,
    "USDAFN":77.00029,
    "USDALL":104.209104,
    "USDAMD":487.240403,
    "USDANG":1.795134,
    "USDAOA":596.703981,
    "USDARS":73.919204,
    "USDAUD":1.357405,
    "USDAWG":1.8,
    "USDAZN":1.70397,
    "USDBAM":1.643009,
    "USDBBD":2.002881,
    "USDBDT":84.83675,
    "USDBGN":1.64353,
    "USDBHD":0.376937,
    "USDBIF":1929.9644,
    "USDBMD":1,
    "USDBND":1.3604,
    "USDBOB":6.90054,
    "USDBRL":5.39145,
    "USDBSD":1.000097,
    "USDBTC":8.6848139e-5,
    "USDBTN":73.30712,
    "USDBWP":11.46881,
    "USDBYN":2.67029,
    "USDBYR":19600,
    "USDBZD":2.00515,
    "USDCAD":1.309835,
    "USDCDF":1950.000362,
    "USDCHF":0.904176,
    "USDCLF":0.02825,
    "USDCLP":779.503912,
    "USDCNY":6.865404,
    "USDCOP":3745.5,
    "USDCRC":595.40401,
    "USDCUC":1,
    "USDCUP":26.5,
    "USDCVE":92.62892,
    "USDCZK":21.93304,
    "USDDJF":177.720394,
    "USDDKK":6.251304,
    "USDDOP":58.414714,
    "USDDZD":127.96708,
    "USDEGP":15.867803,
    "USDERN":15.000358,
    "USDETB":36.148841,
    "USDEUR":0.839877,
    "USDFJD":2.120504,
    "USDFKP":0.748971,
    "USDGBP":0.749005,
    "USDGEL":3.090391,
    "USDGGP":0.748971,
    "USDGHS":5.785391,
    "USDGIP":0.748971,
    "USDGMD":51.803853,
    "USDGNF":9659.65104,
    "USDGTQ":7.710615,
    "USDGYD":209.10041,
    "USDHKD":7.750315,
    "USDHNL":24.662609,
    "USDHRK":6.333604,
    "USDHTG":112.01922,
    "USDHUF":297.40504,
    "USDIDR":14534.7,
    "USDILS":3.361504,
    "USDIMP":0.748971,
    "USDINR":73.128504,
    "USDIQD":1193.9078,
    "USDIRR":42105.000352,
    "USDISK":137.520386,
    "USDJEP":0.748971,
    "USDJMD":149.61714,
    "USDJOD":0.70904,
    "USDJPY":105.36504,
    "USDKES":108.13421,
    "USDKGS":78.468304,
    "USDKHR":4129.672304,
    "USDKMF":412.950384,
    "USDKPW":899.989437,
    "USDKRW":1180.610384,
    "USDKWD":0.30547,
    "USDKYD":0.833428,
    "USDKZT":420.37307,
    "USDLAK":9142.084039,
    "USDLBP":1512.283804,
    "USDLKR":186.31484,
    "USDLRD":199.303775,
    "USDLSL":17.350382,
    "USDLTL":2.95274,
    "USDLVL":0.60489,
    "USDLYD":1.366773,
    "USDMAD":9.160572,
    "USDMDL":16.666316,
    "USDMGA":3850.276604,
    "USDMKD":51.76013,
    "USDMMK":1341.607204,
    "USDMNT":2856.63962,
    "USDMOP":7.983299,
    "USDMRO":357.000149,
    "USDMUR":39.742997,
    "USDMVR":15.410378,
    "USDMWK":749.318504,
    "USDMXN":21.753604,
    "USDMYR":4.165504,
    "USDMZN":71.560377,
    "USDNAD":17.350377,
    "USDNGN":387.460377,
    "USDNIO":34.86267,
    "USDNOK":8.84633,
    "USDNPR":117.29146,
    "USDNZD":1.48291,
    "USDOMR":0.384966,
    "USDPAB":1.000097,
    "USDPEN":3.564309,
    "USDPGK":3.487695,
    "USDPHP":48.363499,
    "USDPKR":167.39836,
    "USDPLN":3.68589,
    "USDPYG":6972.534038,
    "USDQAR":3.641038,
    "USDRON":4.065104,
    "USDRSD":98.780373,
    "USDRUB":74.085204,
    "USDRWF":966.9731,
    "USDSAR":3.750472,
    "USDSBD":8.265569,
    "USDSCR":17.887708,
    "USDSDG":55.303678,
    "USDSEK":8.63827,
    "USDSGD":1.35862,
    "USDSHP":0.748971,
    "USDSLL":9762.503669,
    "USDSOS":582.503667,
    "USDSRD":7.458038,
    "USDSTD":21292.767074,
    "USDSVC":8.75095,
    "USDSYP":511.633793,
    "USDSZL":16.722825,
    "USDTHB":31.108038,
    "USDTJS":10.318256,
    "USDTMT":3.51,
    "USDTND":2.727504,
    "USDTOP":2.27665,
    "USDTRY":7.334904,
    "USDTTD":6.777807,
    "USDTWD":29.348038,
    "USDTZS":2320.182038,
    "USDUAH":27.486926,
    "USDUGX":3676.342704,
    "USDUSD":1,
    "USDUYU":42.798758,
    "USDUZS":10272.481038,
    "USDVEF":9.987504,
    "USDVND":23175,
    "USDVUV":112.057042,
    "USDWST":2.646167,
    "USDXAF":551.04609,
    "USDXAG":0.036366,
    "USDXAU":0.000509,
    "USDXCD":2.70255,
    "USDXDR":0.708174,
    "USDXOF":551.04146,
    "USDXPF":100.9036,
    "USDYER":250.350364,
    "USDZAR":16.57285,
    "USDZMK":9001.203593,
    "USDZMW":19.526376,
    "USDZWL":322.000109
}